episode,steps,total_reward,total_cost,collided,off_road,success,distance_m,avg_speed,lane_invasion_steps,red_light_violations,mean_abs_steer_delta,mean_abs_lat_accel,video,free_steps,lead_steps,mean_speed_free,speed_std_free,pct_above_floor_free,headway_violation_rate,mean_abs_pedal_delta,straight_abs_steer_delta,straight_steer_flip_rate,yaw_flip_rate,straight_mean_abs_yaw_rate,mean_abs_yaw_jerk,route_completion,stuck
0,1500,11632.792275346252,0.10278427600860596,False,False,True,917.0555701708133,6.116293885117174,0,0,0.004099480278973575,0.7095881644473208,carla_rl\logs\eval_multimap_Town05\sac_ep0.mp4,1427,45,6.182294024380685,0.9270621814672727,0.8128941836019622,0.17777777777777778,0.14288537130704157,0.000860124686852378,0.0009025270758122744,0.0006666666666666666,1.585186397593444,0.6165285309286554,-1.0,False
1,1500,9401.617096031481,0.024821758270263672,False,False,True,807.861073265682,5.384546586101244,0,0,0.0067538177824715126,0.7743512289422163,,1376,148,5.6544753730089745,1.7400241325060322,0.7507267441860465,0.13513513513513514,0.14390725723956727,0.0010414021284181646,0.0,0.002,0.9412804115333961,0.6629844667044488,-1.0,False
2,1500,10604.97140063494,1.3158562183380127,False,False,True,878.3809934526972,5.86994037859906,0,0,0.005452899564853321,0.945691473952246,,1408,68,5.9475977963486635,1.3925374415401397,0.7705965909090909,0.3088235294117647,0.14908353165239394,0.0015642333872381117,0.0,0.0,1.2521628721368407,0.8093602068860482,-1.0,False
3,1500,10123.431914071176,0.01303553581237793,False,False,True,820.5303433202737,5.4767290259387975,7,0,0.003292327202937282,0.6369248022597043,,1197,398,5.890855614760379,1.2200066537618082,0.7126148705096074,0.314070351758794,0.15157159418364696,0.0011673973857568149,0.0009009009009009009,0.002,0.8289975223523974,0.4425392519511185,-1.0,False
4,1500,11371.659419780728,0.0,False,False,True,916.4244022153547,6.109399176011716,0,0,0.005486337350643387,1.0770250957518361,,1446,27,6.13326025883027,0.7725208946433875,0.7828492392807745,0.0,0.11509633980308714,0.001998465151436928,0.0,0.0,1.7741586049851132,0.8086630192228097,-1.0,False
5,1500,10785.744881536517,0.19862937927246094,False,False,True,913.6882445353675,6.099298020232786,0,0,0.007877724602409064,0.9981898033752726,,1424,37,6.227033123923192,1.2465055079295997,0.8546348314606742,0.3783783783783784,0.1558058433199899,0.001806722217233758,0.0010615711252653928,0.002,1.635486756411285,1.0021522961003466,-1.0,False
