episode,steps,total_reward,total_cost,collided,off_road,success,distance_m,avg_speed,lane_invasion_steps,red_light_violations,mean_abs_steer_delta,mean_abs_lat_accel,video,free_steps,lead_steps,mean_speed_free,speed_std_free,pct_above_floor_free,headway_violation_rate,mean_abs_pedal_delta,straight_abs_steer_delta,straight_steer_flip_rate,yaw_flip_rate,straight_mean_abs_yaw_rate,mean_abs_yaw_jerk,route_completion,stuck
0,1471,204.33391673497204,20.0,True,False,False,137.2348134900251,0.93606197519662,8,0,0.0004908856187084543,0.45520785390235435,carla_rl\logs\eval_multimap_Town02\sac_ep0.mp4,276,1226,3.8436080740639187,2.779364373860596,0.4384057971014493,0.004893964110929853,0.08906000085605853,0.00010579392712019735,0.0,0.0,0.05708187114903952,0.14818460737322858,-1.0,False
1,757,3580.8071025178633,20.0,True,False,False,401.2636603399465,5.309225034881952,0,0,0.0017517148708880068,1.4179558843703042,,663,61,5.601165344439135,1.6627471848500786,0.722473604826546,0.06557377049180328,0.15709879895839743,0.0006110784734468037,0.0016155088852988692,0.001321003963011889,0.35542595735361554,0.3321134727573853,-1.0,False
2,1500,2543.8248190784034,0.0,False,False,True,274.7872367258114,1.837238753203455,0,0,0.0004687900791981671,0.5716242953395732,,399,1079,5.702465926346026,0.8768188430640055,0.6441102756892231,0.03243744207599629,0.09474619683822626,0.00014865121608916368,0.0,0.0,0.1908013067008647,0.09394840973948797,-1.0,False
3,1500,9986.971092471844,0.0,False,False,True,848.0965221435708,5.658393799631124,0,0,0.0013403514597060896,0.853422101504216,,1450,0,5.764495751645508,1.5228886437083022,0.7737931034482759,0.0,0.14664478037379597,0.00030166307991539925,0.0,0.0,0.3097197009813091,0.20983077099457773,-1.0,False
4,986,-238.95967782787238,20.0,True,False,False,102.24200494326826,1.0375198657443578,0,0,0.0003141127072289473,0.05460046271595998,,923,724,0.8647026420570748,2.128752659008156,0.09317443120260022,0.011049723756906077,0.2039259622790638,8.200295892136028e-05,0.0,0.0,0.04479440598871827,0.05240440179051421,-1.0,False
5,1500,6571.673937860121,0.10862374305725098,False,False,True,598.0012251594542,3.99142215264143,0,0,0.001142212678955398,0.5742723821058058,,1358,514,4.219205019701206,2.913735958155438,0.5861561119293078,0.023346303501945526,0.16999128200436847,0.00026182562092905354,0.0,0.0,1.1320302670409852,0.2688300689934853,-1.0,False
