episode,steps,total_reward,total_cost,collided,off_road,success,distance_m,avg_speed,lane_invasion_steps,red_light_violations,mean_abs_steer_delta,mean_abs_lat_accel,video,free_steps,lead_steps,mean_speed_free,speed_std_free,pct_above_floor_free,headway_violation_rate,mean_abs_pedal_delta,straight_abs_steer_delta,straight_steer_flip_rate,yaw_flip_rate,straight_mean_abs_yaw_rate,mean_abs_yaw_jerk,route_completion,stuck
0,1231,9155.993774659113,20.142682552337646,True,False,False,795.0651036444415,6.460347177134832,0,0,0.0022451697630549573,1.0700398301934106,,1172,13,6.526678274372296,0.9015875183286646,0.939419795221843,0.38461538461538464,0.2212998625829937,0.0007921596254369634,0.0,0.0,1.5792828935648462,0.3904725926024889,-1.0,False
1,2000,2521.012806156602,0.0,False,False,True,254.87832236198125,1.2781477042338476,9,0,0.0006944844133590174,0.38724441948377103,,381,1594,5.27314982430197,1.5841390435033245,0.4356955380577428,0.024466750313676285,0.1108137428454902,0.00017666681854187853,0.0,0.0,0.11977774808579697,0.14935607668991227,-1.0,False
2,2000,13133.708889436713,0.02617180347442627,False,False,True,1157.921684604431,5.794810103967873,0,0,0.008358083055441022,1.709073364523909,,1896,93,5.907955610145635,1.0201857524447153,0.760548523206751,0.0967741935483871,0.2166965641659042,0.0015356570934600391,0.004545454545454545,0.012,0.9524474707371651,1.21252824673998,-1.0,False
3,2000,16225.136036572105,0.955891489982605,False,False,True,1269.5285534311863,6.3615903250751,0,0,0.0041567268763428354,0.9278727619784607,,1921,44,6.409208868891544,0.7719193582829846,0.8672566371681416,0.36363636363636365,0.18577830906418813,0.0008325933674660871,0.000715307582260372,0.0005,1.2889636362774597,0.6322040957144773,-1.0,False
4,2000,13098.924891592847,0.12787246704101562,False,False,True,1016.1231149322509,5.08469970649892,0,0,0.0004533186773040967,0.5841656238150013,,1573,387,6.220225256980588,0.8268770832975396,0.8258105530832803,0.04392764857881137,0.20772181466042905,0.00022958454135924724,0.0,0.0,0.824754293637808,0.12372591565191343,-1.0,False
5,2000,491.9587788547115,0.0,False,False,True,81.05063702455693,0.4087585980761021,5,0,0.0008905031622271054,0.15992073498896997,,103,1910,4.568191412326008,1.920568281168425,0.36893203883495146,0.006806282722513089,0.0701344628492673,0.0003466351087379401,0.0010427528675703858,0.0005,0.13318142161820004,0.16105416301375677,-1.0,False
