episode,steps,total_reward,total_cost,collided,off_road,success,distance_m,avg_speed,lane_invasion_steps,red_light_violations,mean_abs_steer_delta,mean_abs_lat_accel,video,free_steps,lead_steps,mean_speed_free,speed_std_free,pct_above_floor_free,headway_violation_rate,mean_abs_pedal_delta,straight_abs_steer_delta,straight_steer_flip_rate,yaw_flip_rate,straight_mean_abs_yaw_rate,mean_abs_yaw_jerk,route_completion,stuck
0,120,-21.59068707973151,0.0,False,False,False,0.0,4.043741441250859e-05,0,0,4.406792189305027e-05,2.255114544466123e-08,,70,0,7.611910830413698e-07,4.6655796305040686e-07,0.0,0.0,0.1269993641797234,9.304835452689781e-08,0.0,0.0,3.4642430494628085e-10,1.1966246774680207e-09,-1.0,True
1,120,-243.93825785057786,0.0,False,False,False,0.0,4.1861087261807485e-05,0,0,1.2270900147844563e-09,2.423623938337579e-07,,70,0,2.3786875187527455e-06,7.403010086326101e-07,0.0,0.0,0.09341120544601889,2.5909844840203437e-12,0.0,0.0,2.6726688468667805e-09,3.588971060799649e-09,-1.0,True
2,120,-17.026844645697974,0.0,False,False,False,0.0,2.2715723761757935e-05,0,0,6.273548791568829e-10,1.0741632697856366e-07,,70,0,2.1078193274761048e-07,1.6784051809895552e-07,0.0,0.0,0.060249085686787836,1.3246821057495056e-12,0.0,0.0,4.471760148879659e-09,7.011352239424501e-09,-1.0,True
3,120,-24.24172910156428,0.0,False,False,False,0.0,2.2823913369585112e-05,0,0,5.644475265095631e-05,9.0003169565811e-08,,70,0,2.931871555184833e-07,1.6716447541469714e-07,0.0,0.0,0.145559026413605,1.1918411867038623e-07,0.0,0.0,4.967631364072907e-10,8.695073897385296e-10,-1.0,True
4,120,-41.337615056419466,0.0,False,False,False,0.0,4.0417567625228304e-05,0,0,0.00019090808928012848,2.3854234240672234e-08,,70,0,6.316121604906958e-07,5.85428439522661e-07,0.0,0.0,0.01996590735531655,4.031032592326671e-07,0.0,0.0,6.689263750959674e-10,1.3528165746747489e-09,-1.0,True
5,120,-13.918174901992098,0.0,False,False,False,5.14984130859375e-05,0.0003545672118283013,0,0,2.1268980344757437e-05,3.857063029499841e-05,,70,0,2.264484360888933e-05,1.461779217221054e-07,0.0,0.0,0.016110581760646916,4.4925826358365583e-08,0.0,0.0,0.00013818867152728777,4.514274598263642e-06,-1.0,True
