episode,steps,total_reward,total_cost,collided,off_road,success,distance_m,avg_speed,lane_invasion_steps,red_light_violations,mean_abs_steer_delta,mean_abs_lat_accel,video,free_steps,lead_steps,mean_speed_free,speed_std_free,pct_above_floor_free,headway_violation_rate,mean_abs_pedal_delta,straight_abs_steer_delta,straight_steer_flip_rate,yaw_flip_rate,straight_mean_abs_yaw_rate,mean_abs_yaw_jerk,route_completion,stuck
0,1500,4957.556141837381,0.11619985103607178,False,False,True,651.631647917572,4.3476047566109655,0,0,0.0016299864038433042,1.2277621744957181,carla_rl\logs\eval_multimap_Town10HD\sac_ep0.mp4,1177,287,5.195875237380505,1.9117665536611204,0.5828377230246389,0.10452961672473868,0.18769124700495846,0.0004809241893091215,0.0,0.0,0.5067411807153187,0.3013283058769666,-1.0,False
1,795,4907.59256658897,0.05017447471618652,False,False,False,400.7450141167175,5.034144954805371,0,0,0.00036802364006216655,0.8555874447108225,,745,0,5.1627929352167,2.5391683893685024,0.7476510067114094,0.0,0.16102234217847325,0.00025664357483253864,0.0,0.0,0.3340100162852182,0.13814273099815189,-1.0,True
2,1500,10879.477910410653,0.5861022472381592,False,False,True,878.7904041661528,5.855397533683842,0,0,0.0024694641746220267,0.7693382488153285,,1408,82,5.954031089951706,1.4691307147564785,0.7492897727272727,0.12195121951219512,0.1388551870173339,0.0007110125959436425,0.0,0.0,0.5023572851673289,0.42486413009615054,-1.0,False
3,1500,3357.8074710333353,0.0,False,False,True,307.23531455206165,2.049807763382059,0,0,0.0002375650685017566,0.5092557685142565,,488,983,5.503908348022261,1.3631957989359145,0.6045081967213115,0.0254323499491353,0.08314557753818941,0.00011977889075391834,0.0,0.0,0.14426165387489362,0.08188496435766802,-1.0,False
4,1500,10116.32583128351,0.004761338233947754,False,False,True,814.4311294622115,5.428613308137315,0,0,0.0019413946322235324,0.7588295979182672,,1392,97,5.64545016292159,1.2890168895558562,0.6429597701149425,0.21649484536082475,0.13891121127292902,0.0005431587071435497,0.0,0.0,0.714435993659268,0.32797416781740163,-1.0,False
5,1500,35.13085013993802,0.0,False,False,True,85.12105352378224,0.5683182840856266,0,0,9.247862237893401e-05,0.32301165250237196,,126,1338,4.49189769286978,1.6725307275822179,0.35714285714285715,0.014200298953662182,0.03862384232748958,0.0004849011387782,0.0,0.0006666666666666666,0.42381350602943596,0.05560497477116817,-1.0,False
