episode,steps,total_reward,total_cost,collided,off_road,success,distance_m,avg_speed,lane_invasion_steps,red_light_violations,mean_abs_steer_delta,mean_abs_lat_accel,video,free_steps,lead_steps,mean_speed_free,speed_std_free,pct_above_floor_free,headway_violation_rate,mean_abs_pedal_delta,straight_abs_steer_delta,straight_steer_flip_rate,yaw_flip_rate,straight_mean_abs_yaw_rate,mean_abs_yaw_jerk,route_completion,stuck
0,2000,1759.2649912052207,0.0,False,False,True,220.74403258186638,1.1275299785154091,11,0,0.004373085721563257,0.4895384101172692,,278,1728,5.208064112517474,1.24516421376186,0.4352517985611511,0.022569444444444444,0.5801756498010167,0.013558571199985362,0.031746031746031744,0.004,2.8187904340336987,0.8168246733795516,-1.0,False
1,2000,10147.109703948887,0.0,False,False,True,998.9807841709801,4.9974768107217065,2,0,0.014032309851794978,1.4878224924061414,,1524,772,5.4475241921592295,1.3599632364573937,0.5616797900262467,0.11269430051813471,0.1795750625202434,0.015836182397774682,0.03355704697986577,0.0185,2.113326333371963,1.6939300472011787,-1.0,False
2,2000,6007.208650733397,0.11285841464996338,False,False,True,507.1135944368999,2.557115575592506,0,0,0.00032737131685472054,0.5853100281745776,,881,1198,5.1417911999125945,2.325133839611894,0.5970488081725313,0.01669449081803005,0.4446278929970357,0.00015523973654009494,0.0,0.0,0.19797581300255312,0.1719586478121403,-1.0,False
3,2000,5640.026609966677,0.0,False,False,True,510.2603277775125,2.562357311272635,9,0,0.0016017915375304028,0.7112935886529939,,837,1158,5.333422921944939,1.7923717445489618,0.5985663082437276,0.017271157167530225,0.21177864613653483,0.0008099276722317881,0.0016,0.0,1.8806914792472085,0.3588188755607389,-1.0,False
4,91,103.4720268013042,20.0,True,False,False,50.35997201813064,5.559143088921101,0,0,1.987928375716105e-05,0.03805917644615045,,41,0,6.111919512835945,1.0263698293722539,0.926829268292683,0.0,0.10217945575714112,2.135333632328938e-05,0.0,0.0,3.169896809560979,0.13963542813119906,-1.0,False
5,2000,4342.663216102718,0.0,False,False,True,353.2891258574102,1.7700444281275218,14,0,0.0013438190845625115,0.28884195300884846,,515,1515,5.985488292777423,0.867972878038036,0.7203883495145631,0.008580858085808581,0.09021359878038245,0.00023441351951156703,0.0005790387955993051,0.0,0.24954788431557903,0.23055501501136547,-1.0,False
