episode,steps,total_reward,total_cost,collided,off_road,success,distance_m,avg_speed,lane_invasion_steps,red_light_violations,mean_abs_steer_delta,mean_abs_lat_accel,video,free_steps,lead_steps,mean_speed_free,speed_std_free,pct_above_floor_free,headway_violation_rate,mean_abs_pedal_delta,straight_abs_steer_delta,straight_steer_flip_rate,yaw_flip_rate,straight_mean_abs_yaw_rate,mean_abs_yaw_jerk,route_completion,stuck
0,120,-10.909014064745545,0.0,False,False,False,0.0,4.280365205135232e-05,0,0,3.849005025813313e-09,2.67215283143718e-08,,70,0,4.755528815181265e-08,7.036745467876878e-08,0.0,0.0,0.02566396288511132,8.127072588477686e-12,0.0,0.0,8.813197174175363e-10,1.780323733983406e-09,-1.0,True
1,120,-31.75068572590979,0.0,False,False,False,0.0,2.3159945405559766e-05,0,0,3.8243911149038464e-09,4.4817926195446965e-07,,70,0,7.135316489024848e-07,4.281883096900555e-07,0.0,0.0,0.059008547237941196,8.075094146906767e-12,0.0,0.0,2.8528181198176315e-09,4.7306248112251964e-09,-1.0,True
2,130,-90.04290605330384,0.0,False,False,False,0.0,5.2711198478596965e-05,0,0,0.0003915281536487433,4.4297768610522214e-08,,80,10,7.069137419435379e-07,4.362444485627507e-07,0.0,0.0,0.17533549042635185,0.0,0.0,0.0,0.0,8.500902163724004e-09,-1.0,True
3,154,-61.303911022856525,0.0,False,False,False,4.57763671875e-05,0.00015202765188133797,0,0,0.0001523385743622656,5.499348835301489e-05,,104,8,3.601635521240846e-05,8.094324294837573e-06,0.0,0.0,0.0450962240399878,3.158789256523395e-07,0.0,0.0,0.000210639067066448,2.328848167249531e-05,-1.0,True
4,120,-20.921752891218308,0.0,False,False,False,0.00011196582352060372,5.8400682107754655e-05,0,0,0.0006010050574938457,2.5684513970484584e-07,,70,0,2.3449174956827588e-06,7.418448505507023e-07,0.0,0.0,0.11227630617237892,0.0,0.0,0.0,0.0,1.2596481557171928e-07,-1.0,True
5,120,-14.797715992464507,0.0,False,False,False,2.09808349609375e-05,0.00016513477409413707,0,0,2.8180870382736128e-05,4.853733904989591e-05,,70,0,2.9789346600799557e-05,6.303558193863298e-06,0.0,0.0,0.008603587621400337,5.947040007995056e-08,0.0,0.0,0.00018330734248822638,1.760632126932541e-05,-1.0,True
