episode,steps,total_reward,total_cost,collided,off_road,success,distance_m,avg_speed,lane_invasion_steps,red_light_violations,mean_abs_steer_delta,mean_abs_lat_accel,video,free_steps,lead_steps,mean_speed_free,speed_std_free,pct_above_floor_free,headway_violation_rate,mean_abs_pedal_delta,straight_abs_steer_delta,straight_steer_flip_rate,yaw_flip_rate,straight_mean_abs_yaw_rate,mean_abs_yaw_jerk,route_completion,stuck
0,120,-12.46748756931047,0.0,False,False,False,0.0,4.482374435686627e-05,0,0,1.525089980229192e-07,6.576063962408322e-06,,70,0,1.3476759093984064e-05,6.401981564119012e-06,0.0,0.0,0.06846934331565344,3.220266735953119e-10,0.0,0.0,3.171368321951328e-05,2.939766236216988e-06,-1.0,True
1,120,-52.40445768268211,0.0,False,False,False,0.0,0.00012971945840349144,0,0,0.00023885959138472874,4.577228183375951e-08,,70,0,8.034762533018887e-07,4.665944420591804e-07,0.0,0.0,0.11402255597234774,5.043405401814091e-07,0.0,0.0,1.3879086449626661e-09,2.408622738875368e-09,-1.0,True
2,120,-14.161650272638187,0.0,False,False,False,0.0,0.00013101669917312542,0,0,1.3940818219756086e-05,2.905011816619248e-07,,70,0,2.2960201773614132e-06,6.6352165800289e-07,0.0,0.0,0.05459484207529981,2.9435247048601375e-08,0.0,0.0,2.7834866481574796e-09,4.02415200465475e-09,-1.0,True
3,120,-12.594214387478374,0.0,False,False,False,0.0,2.331424205597917e-05,0,0,9.548810453452462e-09,3.9841341094766965e-08,,70,0,8.85691328075414e-07,5.095175798317199e-07,0.0,0.0,0.07277671679729174,2.016251430079039e-11,0.0,0.0,1.5425523402406343e-10,5.39006486896485e-10,-1.0,True
4,120,-36.32391723402811,0.0,False,False,False,1.1920928955078125e-06,3.9968387476783475e-05,0,0,0.0015858698636293412,2.956795201292106e-07,,70,0,1.317918124029863e-07,1.4730924307593785e-07,0.0,0.0,0.16472596005231394,0.0,0.0,0.0,0.0,1.896941066527523e-08,-1.0,True
5,120,-10.951144074702107,0.0,False,False,False,0.0,6.127434739930474e-05,0,0,3.849005025813313e-09,3.240102765811326e-08,,70,0,5.033946603529214e-08,6.116073147990852e-08,0.0,0.0,0.026930986582732,8.127072588477686e-12,0.0,0.0,8.732211116427646e-10,1.952579855639933e-09,-1.0,True
