episode,steps,total_reward,total_cost,collided,off_road,success,distance_m,avg_speed,lane_invasion_steps,red_light_violations,mean_abs_steer_delta,mean_abs_lat_accel,video,free_steps,lead_steps,mean_speed_free,speed_std_free,pct_above_floor_free,headway_violation_rate,mean_abs_pedal_delta,straight_abs_steer_delta,straight_steer_flip_rate,yaw_flip_rate,straight_mean_abs_yaw_rate,mean_abs_yaw_jerk,route_completion,stuck
0,1500,10686.645427790218,2.248459219932556,False,False,True,952.9666035021354,6.352958097149188,10,0,0.007435500888361308,1.4208327910019798,carla_rl\logs\eval_multimap_Town04\sac_ep0.mp4,1450,9,6.49484838789115,1.166088184449058,0.896551724137931,0.0,0.17301497624825446,0.0014292789251381824,0.0,0.0006666666666666666,2.0778489207066153,1.0424586846598771,-1.0,False
1,1500,10998.802926933304,5.936558485031128,False,False,True,895.0234041013689,5.978033134415067,0,0,9.104650426914892e-05,0.5343716569192312,,1440,15,6.0149824731634896,1.7368416294959956,0.8388888888888889,0.5333333333333333,0.1290290361646814,8.798526154808681e-05,0.0,0.0,0.44552164102698927,0.052586206336698305,-1.0,False
2,1500,12127.14986215421,0.39463138580322266,False,False,True,930.5508791128118,6.202355564752594,0,0,0.00017772664920321783,0.7203504626504706,,1450,0,6.244419593482182,0.8518638446719065,0.7696551724137931,0.0,0.10856726037722336,0.0001380116350488639,0.0,0.0026666666666666666,1.4072158521507243,0.08161307708757132,-1.0,False
3,58,-237.19227472287486,20.041747331619263,True,False,False,34.04885728842218,5.90581809503783,1,0,0.028632378455846454,2.4582138972033403,,8,0,5.743671327829361,1.377324180070068,0.875,0.0,0.1699387948763998,0.016147793968229962,0.0,0.017241379310344827,3.1325304057320644,5.293793868893567,-1.0,False
