{
  "episodes": 6,
  "success_rate": 0.5,
  "collision_rate": 0.3333333333333333,
  "off_road_rate": 0.0,
  "stuck_rate": 0.16666666666666666,
  "red_light_violations_per_episode": 0.0,
  "mean_lane_invasion_steps": 0.0,
  "mean_total_reward": 1649.5556006921645,
  "mean_total_cost": 147.64469118913016,
  "mean_steps": 1690.0,
  "mean_distance_m": 944.0065632461502,
  "mean_avg_speed": 5.631964505186494,
  "mean_abs_steer_delta": 0.006261126258131205,
  "mean_abs_lat_accel": 1.682437253342691,
  "mean_speed_free": 7.454305578555219,
  "mean_speed_std_free": 3.6669204014773826,
  "mean_pct_above_floor_free": 0.7926261970016295,
  "mean_headway_violation_rate": 0.2634781659526923,
  "mean_abs_pedal_delta": 0.17884420571713322,
  "straight_abs_steer_delta": 0.0017360943877720598,
  "straight_steer_flip_rate": 0.006176734108932145,
  "yaw_flip_rate": 0.0020929578320369817,
  "straight_mean_abs_yaw_rate": 0.7534422151787812,
  "mean_abs_yaw_jerk": 0.9687123972944368,
  "run_name": "autopilot",
  "server_restarts": 0,
  "env_params": {
    "number_of_vehicles": 100,
    "number_of_walkers": 0,
    "dt": 0.1,
    "ego_vehicle_filter": "vehicle.tesla.model3",
    "surrounding_vehicle_spawned_randomly": true,
    "port": 2000,
    "town": "Town03",
    "max_time_episode": 2000,
    "max_waypoints": 12,
    "visualize_waypoints": false,
    "desired_speed": 8,
    "max_ego_spawn_times": 200,
    "view_mode": "follow",
    "traffic": "off",
    "lidar_max_range": 50.0,
    "max_nearby_vehicles": 5
  }
}